<?xml version='1.0' encoding='utf-8'?>
<project xmlns:ns1="http://www.plcopen.org/xml/tc6.xsd" xmlns:xhtml="http://www.w3.org/1999/xhtml" xmlns:xsd="http://www.w3.org/2001/XMLSchema" xmlns="http://www.plcopen.org/xml/tc6_0201">
  <fileHeader companyName="Desconocido" productName="Sin nombre" productVersion="1" creationDateTime="2022-04-07T07:55:43"/>
  <contentHeader name="Sin nombre" modificationDateTime="2022-04-07T10:19:20">
    <coordinateInfo>
      <fbd>
        <scaling x="10" y="10"/>
      </fbd>
      <ld>
        <scaling x="10" y="10"/>
      </ld>
      <sfc>
        <scaling x="10" y="10"/>
      </sfc>
    </coordinateInfo>
  </contentHeader>
  <types>
    <dataTypes/>
    <pous>
      <pou name="parcial2" pouType="program">
        <interface>
          <localVars>
            <variable name="start" address="%IX100.0">
              <type>
                <BOOL/>
              </type>
            </variable>
            <variable name="stop" address="%IW100.0">
              <type>
                <BOOL/>
              </type>
            </variable>
            <variable name="tanque1lleno" address="%IX100.1">
              <type>
                <BOOL/>
              </type>
            </variable>
            <variable name="tanque1vacio" address="%IX1002">
              <type>
                <BOOL/>
              </type>
            </variable>
            <variable name="tanque3lleno" address="%IX100.3">
              <type>
                <BOOL/>
              </type>
            </variable>
            <variable name="tanque3vacio" address="%IX100.4">
              <type>
                <BOOL/>
              </type>
            </variable>
            <variable name="motobomba1" address="%QX100.0">
              <type>
                <BOOL/>
              </type>
            </variable>
            <variable name="valvula1" address="%QX100.2">
              <type>
                <BOOL/>
              </type>
            </variable>
            <variable name="motor" address="%QX100.1">
              <type>
                <BOOL/>
              </type>
            </variable>
            <variable name="valvula3" address="%QX100.3">
              <type>
                <BOOL/>
              </type>
            </variable>
          </localVars>
          <localVars>
            <variable name="inicio">
              <type>
                <BOOL/>
              </type>
            </variable>
            <variable name="out1">
              <type>
                <BOOL/>
              </type>
            </variable>
            <variable name="reset1">
              <type>
                <BOOL/>
              </type>
            </variable>
            <variable name="motobombaout">
              <type>
                <BOOL/>
              </type>
            </variable>
            <variable name="outtanque3">
              <type>
                <BOOL/>
              </type>
            </variable>
            <variable name="TON0">
              <type>
                <derived name="TON"/>
              </type>
            </variable>
            <variable name="CTD0">
              <type>
                <derived name="CTD"/>
              </type>
            </variable>
          </localVars>
        </interface>
        <body>
          <LD>
            <leftPowerRail localId="1" height="40" width="10">
              <position x="110" y="20"/>
              <connectionPointOut formalParameter="">
                <relPosition x="10" y="20"/>
              </connectionPointOut>
            </leftPowerRail>
            <contact localId="2" height="20" width="21" negated="false">
              <position x="200" y="30"/>
              <connectionPointIn>
                <relPosition x="0" y="10"/>
                <connection refLocalId="1">
                  <position x="200" y="40"/>
                  <position x="120" y="40"/>
                </connection>
              </connectionPointIn>
              <connectionPointOut>
                <relPosition x="21" y="10"/>
              </connectionPointOut>
              <variable>start</variable>
            </contact>
            <contact localId="3" height="20" width="21" negated="true">
              <position x="310" y="30"/>
              <connectionPointIn>
                <relPosition x="0" y="10"/>
                <connection refLocalId="2">
                  <position x="310" y="40"/>
                  <position x="221" y="40"/>
                </connection>
                <connection refLocalId="6">
                  <position x="310" y="40"/>
                  <position x="265" y="40"/>
                  <position x="265" y="110"/>
                  <position x="220" y="110"/>
                </connection>
              </connectionPointIn>
              <connectionPointOut>
                <relPosition x="21" y="10"/>
              </connectionPointOut>
              <variable>stop</variable>
            </contact>
            <coil localId="4" height="20" width="21" negated="false">
              <position x="520" y="30"/>
              <connectionPointIn>
                <relPosition x="0" y="10"/>
                <connection refLocalId="3">
                  <position x="520" y="40"/>
                  <position x="331" y="40"/>
                </connection>
              </connectionPointIn>
              <connectionPointOut>
                <relPosition x="21" y="10"/>
              </connectionPointOut>
              <variable>inicio</variable>
            </coil>
            <coil localId="5" height="20" width="21" negated="false">
              <position x="520" y="90"/>
              <connectionPointIn>
                <relPosition x="0" y="10"/>
                <connection refLocalId="3">
                  <position x="520" y="100"/>
                  <position x="425" y="100"/>
                  <position x="425" y="40"/>
                  <position x="331" y="40"/>
                </connection>
              </connectionPointIn>
              <connectionPointOut>
                <relPosition x="21" y="10"/>
              </connectionPointOut>
              <variable>out1</variable>
            </coil>
            <contact localId="6" height="20" width="21" negated="false">
              <position x="200" y="100"/>
              <connectionPointIn>
                <relPosition x="0" y="10"/>
                <connection refLocalId="1">
                  <position x="200" y="110"/>
                  <position x="160" y="110"/>
                  <position x="160" y="40"/>
                  <position x="120" y="40"/>
                </connection>
              </connectionPointIn>
              <connectionPointOut>
                <relPosition x="21" y="10"/>
              </connectionPointOut>
              <variable>out1</variable>
            </contact>
            <rightPowerRail localId="7" height="40" width="10">
              <position x="670" y="20"/>
              <connectionPointIn>
                <relPosition x="0" y="20"/>
                <connection refLocalId="4">
                  <position x="670" y="40"/>
                  <position x="541" y="40"/>
                </connection>
                <connection refLocalId="5">
                  <position x="670" y="40"/>
                  <position x="605" y="40"/>
                  <position x="605" y="100"/>
                  <position x="540" y="100"/>
                </connection>
              </connectionPointIn>
            </rightPowerRail>
            <leftPowerRail localId="8" height="40" width="10" executionOrderId="0">
              <position x="70" y="170"/>
              <connectionPointOut formalParameter="">
                <relPosition x="10" y="20"/>
              </connectionPointOut>
            </leftPowerRail>
            <contact localId="9" height="20" width="21" negated="false" executionOrderId="0">
              <position x="200" y="180"/>
              <connectionPointIn>
                <relPosition x="0" y="10"/>
                <connection refLocalId="15">
                  <position x="200" y="190"/>
                  <position x="131" y="190"/>
                </connection>
              </connectionPointIn>
              <connectionPointOut>
                <relPosition x="21" y="10"/>
              </connectionPointOut>
              <variable>tanque1vacio</variable>
            </contact>
            <contact localId="10" height="20" width="21" negated="true" executionOrderId="0">
              <position x="310" y="180"/>
              <connectionPointIn>
                <relPosition x="0" y="10"/>
                <connection refLocalId="9">
                  <position x="310" y="190"/>
                  <position x="221" y="190"/>
                </connection>
                <connection refLocalId="13">
                  <position x="310" y="190"/>
                  <position x="265" y="190"/>
                  <position x="265" y="260"/>
                  <position x="221" y="260"/>
                </connection>
              </connectionPointIn>
              <connectionPointOut>
                <relPosition x="21" y="10"/>
              </connectionPointOut>
              <variable>valvula1</variable>
            </contact>
            <coil localId="11" height="20" width="21" negated="false" executionOrderId="0">
              <position x="520" y="180"/>
              <connectionPointIn>
                <relPosition x="0" y="10"/>
                <connection refLocalId="10">
                  <position x="520" y="190"/>
                  <position x="331" y="190"/>
                </connection>
              </connectionPointIn>
              <connectionPointOut>
                <relPosition x="21" y="10"/>
              </connectionPointOut>
              <variable>motobomba1</variable>
            </coil>
            <contact localId="13" height="20" width="21" negated="true" executionOrderId="0">
              <position x="200" y="250"/>
              <connectionPointIn>
                <relPosition x="0" y="10"/>
                <connection refLocalId="15">
                  <position x="200" y="260"/>
                  <position x="165" y="260"/>
                  <position x="165" y="190"/>
                  <position x="131" y="190"/>
                </connection>
              </connectionPointIn>
              <connectionPointOut>
                <relPosition x="21" y="10"/>
              </connectionPointOut>
              <variable>tanque1lleno</variable>
            </contact>
            <rightPowerRail localId="14" height="40" width="10" executionOrderId="0">
              <position x="670" y="170"/>
              <connectionPointIn>
                <relPosition x="0" y="20"/>
                <connection refLocalId="11">
                  <position x="670" y="190"/>
                  <position x="541" y="190"/>
                </connection>
              </connectionPointIn>
            </rightPowerRail>
            <contact localId="15" height="20" width="21" negated="false">
              <position x="110" y="180"/>
              <connectionPointIn>
                <relPosition x="0" y="10"/>
                <connection refLocalId="8">
                  <position x="110" y="190"/>
                  <position x="80" y="190"/>
                </connection>
              </connectionPointIn>
              <connectionPointOut>
                <relPosition x="21" y="10"/>
              </connectionPointOut>
              <variable>inicio</variable>
            </contact>
            <leftPowerRail localId="16" height="40" width="10" executionOrderId="0">
              <position x="80" y="350"/>
              <connectionPointOut formalParameter="">
                <relPosition x="10" y="20"/>
              </connectionPointOut>
            </leftPowerRail>
            <contact localId="17" height="20" width="21" negated="false" executionOrderId="0">
              <position x="210" y="360"/>
              <connectionPointIn>
                <relPosition x="0" y="10"/>
                <connection refLocalId="23">
                  <position x="210" y="370"/>
                  <position x="141" y="370"/>
                </connection>
              </connectionPointIn>
              <connectionPointOut>
                <relPosition x="21" y="10"/>
              </connectionPointOut>
              <variable>tanque1lleno</variable>
            </contact>
            <contact localId="18" height="20" width="21" negated="true" executionOrderId="0">
              <position x="320" y="360"/>
              <connectionPointIn>
                <relPosition x="0" y="10"/>
                <connection refLocalId="17">
                  <position x="320" y="370"/>
                  <position x="231" y="370"/>
                </connection>
                <connection refLocalId="21">
                  <position x="320" y="370"/>
                  <position x="275" y="370"/>
                  <position x="275" y="440"/>
                  <position x="231" y="440"/>
                </connection>
              </connectionPointIn>
              <connectionPointOut>
                <relPosition x="21" y="10"/>
              </connectionPointOut>
              <variable>tanque1vacio</variable>
            </contact>
            <coil localId="19" height="20" width="21" negated="false" executionOrderId="0">
              <position x="530" y="360"/>
              <connectionPointIn>
                <relPosition x="0" y="10"/>
                <connection refLocalId="24">
                  <position x="530" y="370"/>
                  <position x="441" y="370"/>
                </connection>
              </connectionPointIn>
              <connectionPointOut>
                <relPosition x="21" y="10"/>
              </connectionPointOut>
              <variable>valvula1</variable>
            </coil>
            <coil localId="20" height="20" width="21" negated="false" executionOrderId="0">
              <position x="550" y="420"/>
              <connectionPointIn>
                <relPosition x="0" y="10"/>
                <connection refLocalId="24">
                  <position x="550" y="430"/>
                  <position x="495" y="430"/>
                  <position x="495" y="370"/>
                  <position x="441" y="370"/>
                </connection>
              </connectionPointIn>
              <connectionPointOut>
                <relPosition x="21" y="10"/>
              </connectionPointOut>
              <variable>motobombaout</variable>
            </coil>
            <contact localId="21" height="20" width="21" negated="false" executionOrderId="0">
              <position x="210" y="430"/>
              <connectionPointIn>
                <relPosition x="0" y="10"/>
                <connection refLocalId="23">
                  <position x="210" y="440"/>
                  <position x="175" y="440"/>
                  <position x="175" y="370"/>
                  <position x="141" y="370"/>
                </connection>
              </connectionPointIn>
              <connectionPointOut>
                <relPosition x="21" y="10"/>
              </connectionPointOut>
              <variable>motobombaout</variable>
            </contact>
            <rightPowerRail localId="22" height="40" width="10" executionOrderId="0">
              <position x="680" y="350"/>
              <connectionPointIn>
                <relPosition x="0" y="20"/>
                <connection refLocalId="19">
                  <position x="680" y="370"/>
                  <position x="551" y="370"/>
                </connection>
                <connection refLocalId="20">
                  <position x="680" y="370"/>
                  <position x="615" y="370"/>
                  <position x="615" y="430"/>
                  <position x="571" y="430"/>
                </connection>
              </connectionPointIn>
            </rightPowerRail>
            <contact localId="23" height="20" width="21" negated="false" executionOrderId="0">
              <position x="120" y="360"/>
              <connectionPointIn>
                <relPosition x="0" y="10"/>
                <connection refLocalId="16">
                  <position x="120" y="370"/>
                  <position x="90" y="370"/>
                </connection>
              </connectionPointIn>
              <connectionPointOut>
                <relPosition x="21" y="10"/>
              </connectionPointOut>
              <variable>inicio</variable>
            </contact>
            <contact localId="24" height="20" width="21" negated="true" executionOrderId="0">
              <position x="420" y="360"/>
              <connectionPointIn>
                <relPosition x="0" y="10"/>
                <connection refLocalId="18">
                  <position x="420" y="370"/>
                  <position x="341" y="370"/>
                </connection>
              </connectionPointIn>
              <connectionPointOut>
                <relPosition x="21" y="10"/>
              </connectionPointOut>
              <variable>outtanque3</variable>
            </contact>
            <leftPowerRail localId="25" height="40" width="10" executionOrderId="0">
              <position x="70" y="500"/>
              <connectionPointOut formalParameter="">
                <relPosition x="10" y="20"/>
              </connectionPointOut>
            </leftPowerRail>
            <contact localId="26" height="20" width="21" negated="false" executionOrderId="0">
              <position x="200" y="510"/>
              <connectionPointIn>
                <relPosition x="0" y="10"/>
                <connection refLocalId="32">
                  <position x="200" y="520"/>
                  <position x="131" y="520"/>
                </connection>
              </connectionPointIn>
              <connectionPointOut>
                <relPosition x="21" y="10"/>
              </connectionPointOut>
              <variable>tanque3lleno</variable>
            </contact>
            <contact localId="27" height="20" width="21" negated="true" executionOrderId="0">
              <position x="310" y="510"/>
              <connectionPointIn>
                <relPosition x="0" y="10"/>
                <connection refLocalId="26">
                  <position x="310" y="520"/>
                  <position x="221" y="520"/>
                </connection>
                <connection refLocalId="30">
                  <position x="310" y="520"/>
                  <position x="265" y="520"/>
                  <position x="265" y="590"/>
                  <position x="221" y="590"/>
                </connection>
              </connectionPointIn>
              <connectionPointOut>
                <relPosition x="21" y="10"/>
              </connectionPointOut>
              <variable>tanque3vacio</variable>
            </contact>
            <coil localId="28" height="20" width="21" negated="false" executionOrderId="0">
              <position x="520" y="510"/>
              <connectionPointIn>
                <relPosition x="0" y="10"/>
                <connection refLocalId="34" formalParameter="Q">
                  <position x="520" y="520"/>
                  <position x="450" y="520"/>
                </connection>
              </connectionPointIn>
              <connectionPointOut>
                <relPosition x="21" y="10"/>
              </connectionPointOut>
              <variable>valvula3</variable>
            </coil>
            <coil localId="29" height="20" width="21" negated="false" executionOrderId="0">
              <position x="540" y="570"/>
              <connectionPointIn>
                <relPosition x="0" y="10"/>
                <connection refLocalId="50">
                  <position x="540" y="580"/>
                  <position x="470" y="580"/>
                </connection>
              </connectionPointIn>
              <connectionPointOut>
                <relPosition x="21" y="10"/>
              </connectionPointOut>
              <variable>motor</variable>
            </coil>
            <contact localId="30" height="20" width="21" negated="false" executionOrderId="0">
              <position x="200" y="580"/>
              <connectionPointIn>
                <relPosition x="0" y="10"/>
                <connection refLocalId="32">
                  <position x="200" y="590"/>
                  <position x="165" y="590"/>
                  <position x="165" y="520"/>
                  <position x="131" y="520"/>
                </connection>
              </connectionPointIn>
              <connectionPointOut>
                <relPosition x="21" y="10"/>
              </connectionPointOut>
              <variable>valvula3</variable>
            </contact>
            <rightPowerRail localId="31" height="40" width="10" executionOrderId="0">
              <position x="670" y="500"/>
              <connectionPointIn>
                <relPosition x="0" y="20"/>
                <connection refLocalId="28">
                  <position x="670" y="520"/>
                  <position x="541" y="520"/>
                </connection>
                <connection refLocalId="29">
                  <position x="670" y="520"/>
                  <position x="605" y="520"/>
                  <position x="605" y="580"/>
                  <position x="561" y="580"/>
                </connection>
              </connectionPointIn>
            </rightPowerRail>
            <contact localId="32" height="20" width="21" negated="false" executionOrderId="0">
              <position x="110" y="510"/>
              <connectionPointIn>
                <relPosition x="0" y="10"/>
                <connection refLocalId="25">
                  <position x="110" y="520"/>
                  <position x="80" y="520"/>
                </connection>
              </connectionPointIn>
              <connectionPointOut>
                <relPosition x="21" y="10"/>
              </connectionPointOut>
              <variable>inicio</variable>
            </contact>
            <block localId="34" typeName="TON" instanceName="TON0" height="60" width="50">
              <position x="400" y="490"/>
              <inputVariables>
                <variable formalParameter="IN">
                  <connectionPointIn>
                    <relPosition x="0" y="30"/>
                    <connection refLocalId="27">
                      <position x="400" y="520"/>
                      <position x="330" y="520"/>
                    </connection>
                  </connectionPointIn>
                </variable>
                <variable formalParameter="PT">
                  <connectionPointIn>
                    <relPosition x="0" y="50"/>
                    <connection refLocalId="35">
                      <position x="400" y="540"/>
                      <position x="375" y="540"/>
                      <position x="375" y="610"/>
                      <position x="350" y="610"/>
                    </connection>
                  </connectionPointIn>
                </variable>
              </inputVariables>
              <inOutVariables/>
              <outputVariables>
                <variable formalParameter="Q">
                  <connectionPointOut>
                    <relPosition x="50" y="30"/>
                  </connectionPointOut>
                </variable>
                <variable formalParameter="ET">
                  <connectionPointOut>
                    <relPosition x="50" y="50"/>
                  </connectionPointOut>
                </variable>
              </outputVariables>
            </block>
            <inVariable localId="35" height="30" width="50" negated="false">
              <position x="300" y="590"/>
              <connectionPointOut>
                <relPosition x="50" y="20"/>
              </connectionPointOut>
              <expression>T#10S</expression>
            </inVariable>
            <leftPowerRail localId="33" height="40" width="10" executionOrderId="0">
              <position x="70" y="650"/>
              <connectionPointOut formalParameter="">
                <relPosition x="10" y="20"/>
              </connectionPointOut>
            </leftPowerRail>
            <contact localId="36" height="20" width="21" negated="false" executionOrderId="0">
              <position x="200" y="660"/>
              <connectionPointIn>
                <relPosition x="0" y="10"/>
                <connection refLocalId="42">
                  <position x="200" y="670"/>
                  <position x="131" y="670"/>
                </connection>
              </connectionPointIn>
              <connectionPointOut>
                <relPosition x="21" y="10"/>
              </connectionPointOut>
              <variable>valvula3</variable>
            </contact>
            <coil localId="38" height="20" width="21" negated="false" executionOrderId="0">
              <position x="520" y="660"/>
              <connectionPointIn>
                <relPosition x="0" y="10"/>
                <connection refLocalId="36">
                  <position x="520" y="670"/>
                  <position x="221" y="670"/>
                </connection>
                <connection refLocalId="40">
                  <position x="520" y="670"/>
                  <position x="370" y="670"/>
                  <position x="370" y="740"/>
                  <position x="221" y="740"/>
                </connection>
              </connectionPointIn>
              <connectionPointOut>
                <relPosition x="21" y="10"/>
              </connectionPointOut>
              <variable>outtanque3</variable>
            </coil>
            <contact localId="40" height="20" width="21" negated="false" executionOrderId="0">
              <position x="200" y="730"/>
              <connectionPointIn>
                <relPosition x="0" y="10"/>
                <connection refLocalId="42">
                  <position x="200" y="740"/>
                  <position x="165" y="740"/>
                  <position x="165" y="670"/>
                  <position x="131" y="670"/>
                </connection>
              </connectionPointIn>
              <connectionPointOut>
                <relPosition x="21" y="10"/>
              </connectionPointOut>
              <variable>motor</variable>
            </contact>
            <rightPowerRail localId="41" height="40" width="10" executionOrderId="0">
              <position x="670" y="650"/>
              <connectionPointIn>
                <relPosition x="0" y="20"/>
                <connection refLocalId="38">
                  <position x="670" y="670"/>
                  <position x="541" y="670"/>
                </connection>
              </connectionPointIn>
            </rightPowerRail>
            <contact localId="42" height="20" width="21" negated="false" executionOrderId="0">
              <position x="110" y="660"/>
              <connectionPointIn>
                <relPosition x="0" y="10"/>
                <connection refLocalId="33">
                  <position x="110" y="670"/>
                  <position x="80" y="670"/>
                </connection>
              </connectionPointIn>
              <connectionPointOut>
                <relPosition x="21" y="10"/>
              </connectionPointOut>
              <variable>inicio</variable>
            </contact>
            <leftPowerRail localId="37" height="40" width="10" executionOrderId="0">
              <position x="70" y="800"/>
              <connectionPointOut formalParameter="">
                <relPosition x="10" y="20"/>
              </connectionPointOut>
            </leftPowerRail>
            <contact localId="39" height="20" width="21" negated="false" executionOrderId="0">
              <position x="200" y="810"/>
              <connectionPointIn>
                <relPosition x="0" y="10"/>
                <connection refLocalId="46">
                  <position x="200" y="820"/>
                  <position x="131" y="820"/>
                </connection>
              </connectionPointIn>
              <connectionPointOut>
                <relPosition x="21" y="10"/>
              </connectionPointOut>
              <variable>valvula3</variable>
            </contact>
            <coil localId="43" height="20" width="21" negated="false" executionOrderId="0">
              <position x="520" y="810"/>
              <connectionPointIn>
                <relPosition x="0" y="10"/>
                <connection refLocalId="47" formalParameter="Q">
                  <position x="520" y="820"/>
                  <position x="465" y="820"/>
                  <position x="465" y="830"/>
                  <position x="410" y="830"/>
                </connection>
              </connectionPointIn>
              <connectionPointOut>
                <relPosition x="21" y="10"/>
              </connectionPointOut>
              <variable>stop</variable>
            </coil>
            <contact localId="44" height="20" width="21" negated="false" executionOrderId="0">
              <position x="200" y="880"/>
              <connectionPointIn>
                <relPosition x="0" y="10"/>
                <connection refLocalId="48">
                  <position x="200" y="890"/>
                  <position x="80" y="890"/>
                </connection>
              </connectionPointIn>
              <connectionPointOut>
                <relPosition x="21" y="10"/>
              </connectionPointOut>
              <variable>stop</variable>
            </contact>
            <rightPowerRail localId="45" height="40" width="10" executionOrderId="0">
              <position x="670" y="800"/>
              <connectionPointIn>
                <relPosition x="0" y="20"/>
                <connection refLocalId="43">
                  <position x="670" y="820"/>
                  <position x="541" y="820"/>
                </connection>
              </connectionPointIn>
            </rightPowerRail>
            <contact localId="46" height="20" width="21" negated="false" executionOrderId="0">
              <position x="110" y="810"/>
              <connectionPointIn>
                <relPosition x="0" y="10"/>
                <connection refLocalId="37">
                  <position x="110" y="820"/>
                  <position x="80" y="820"/>
                </connection>
              </connectionPointIn>
              <connectionPointOut>
                <relPosition x="21" y="10"/>
              </connectionPointOut>
              <variable>inicio</variable>
            </contact>
            <block localId="47" typeName="CTD" instanceName="CTD0" height="80" width="50">
              <position x="360" y="800"/>
              <inputVariables>
                <variable formalParameter="CD" edge="rising">
                  <connectionPointIn>
                    <relPosition x="0" y="30"/>
                    <connection refLocalId="39">
                      <position x="360" y="830"/>
                      <position x="290" y="830"/>
                      <position x="290" y="820"/>
                      <position x="221" y="820"/>
                    </connection>
                  </connectionPointIn>
                </variable>
                <variable formalParameter="LD">
                  <connectionPointIn>
                    <relPosition x="0" y="50"/>
                    <connection refLocalId="44">
                      <position x="360" y="850"/>
                      <position x="290" y="850"/>
                      <position x="290" y="890"/>
                      <position x="220" y="890"/>
                    </connection>
                  </connectionPointIn>
                </variable>
                <variable formalParameter="PV">
                  <connectionPointIn>
                    <relPosition x="0" y="70"/>
                    <connection refLocalId="49">
                      <position x="360" y="870"/>
                      <position x="325" y="870"/>
                      <position x="325" y="940"/>
                      <position x="290" y="940"/>
                    </connection>
                  </connectionPointIn>
                </variable>
              </inputVariables>
              <inOutVariables/>
              <outputVariables>
                <variable formalParameter="Q">
                  <connectionPointOut>
                    <relPosition x="50" y="30"/>
                  </connectionPointOut>
                </variable>
                <variable formalParameter="CV">
                  <connectionPointOut>
                    <relPosition x="50" y="50"/>
                  </connectionPointOut>
                </variable>
              </outputVariables>
            </block>
            <leftPowerRail localId="48" height="40" width="10">
              <position x="70" y="870"/>
              <connectionPointOut formalParameter="">
                <relPosition x="10" y="20"/>
              </connectionPointOut>
            </leftPowerRail>
            <inVariable localId="49" height="30" width="30" negated="false">
              <position x="260" y="920"/>
              <connectionPointOut>
                <relPosition x="30" y="20"/>
              </connectionPointOut>
              <expression>10</expression>
            </inVariable>
            <contact localId="50" height="20" width="21" negated="true">
              <position x="450" y="570"/>
              <connectionPointIn>
                <relPosition x="0" y="10"/>
                <connection refLocalId="27">
                  <position x="450" y="580"/>
                  <position x="390" y="580"/>
                  <position x="390" y="520"/>
                  <position x="331" y="520"/>
                </connection>
              </connectionPointIn>
              <connectionPointOut>
                <relPosition x="21" y="10"/>
              </connectionPointOut>
              <variable>valvula3</variable>
            </contact>
          </LD>
        </body>
      </pou>
    </pous>
  </types>
  <instances>
    <configurations>
      <configuration name="Config0">
        <resource name="Res0">
          <task name="task0" priority="0" interval="T#50ms">
            <pouInstance name="instance0" typeName="parcial2"/>
          </task>
        </resource>
      </configuration>
    </configurations>
  </instances>
</project>
